,Accuracy,F1 Score
Logistic Regression,0.7532051282051282,0.7175925925925926
SVM (RBF),0.75,0.7130314046925935
Random Forest,0.7451923076923077,0.7061179142300852
AdaBoost,0.7628205128205128,0.7285954785954786
CNN (Our Model),0.7660256410256411,0.7391948414081561
